Frame,Spine Angle,Hip Angle Left,Hip Angle Right
0,3.301865674434948,-4.5139884580012835,-6.170175095029644
1,3.2397002961021064,-4.635463426902695,-6.170175095029644
2,2.2025981617658013,-4.5139884580012835,-6.170175095029644
3,3.301865674434948,-6.0090059574945345,-4.635463426902695
4,2.121096396661619,-6.0090059574945345,-6.170175095029644
5,2.082565279730795,-6.0090059574945345,-6.170175095029644
